{"nodes":null,"selection":null,"view":{"scroll":{"x":894.5673828125,"y":302.631134033203125},"visible_rect":{"max":{"x":1449.711669921875,"y":788.4207763671875},"min":{"x":596.3782958984375,"y":201.75408935546875}},"zoom":1.5}}